"","site","date","day","tempHigh","tempLow","dewLow","dewHigh"
"1","BALASUCMD1","2016-06-29",1,82,68,55,66
"2","BALASUCMD1","2016-06-30",2,84,65,53,67
"3","BALASUCMD1","2016-07-01",3,88,71,66,74
"4","BALASUCMD1","2016-07-02",4,80,70,50,70
"5","BALASUCMD1","2016-07-03",5,74,64,54,66
"6","BALASUCMD1","2016-07-04",6,74,68,65,73
"7","BALASUCMD1","2016-07-05",7,91,74,70,76
"8","BALASUCMD1","2016-07-15",8,94,76,62,70
"9","BALASUCMD1","2016-07-16",9,93,72,66,71
"10","BALASUCMD1","2016-07-17",10,93,71,61,72
"11","BALASUCMD1","2016-07-18",11,95,73,66,76
"12","BALASUCMD1","2016-07-19",12,92,70,63,73
"13","BALASUCMD1","2016-07-20",13,89,70,59,70
"14","BALASUCMD1","2016-07-21",14,90,71,62,70
"15","BALASUCMD1","2016-08-16",15,97,75,72,77
"16","BALASUCMD1","2016-08-17",16,95,72,68,74
"17","BALASUCMD1","2016-08-18",17,92,74,67,73
"18","BALASUCMD1","2016-08-19",18,92,74,60,72
"19","BALASUCMD1","2016-08-20",19,91,74,62,71
"20","BALASUCMD1","2016-08-21",20,91,74,62,76
"21","BALASUCMD1","2016-08-22",21,85,69,56,63
"22","BARBJERMD1","2016-06-24",1,86,71,67,72
"23","BARBJERMD1","2016-06-25",2,85,72,57,66
"24","BARBJERMD1","2016-06-26",3,86,66,49,64
"25","BARBJERMD1","2016-06-27",4,87,68,62,72
"26","BARBJERMD1","2016-06-28",5,87,69,64,75
"27","BARBJERMD1","2016-06-29",6,82,68,55,66
"28","BARBJERMD1","2016-06-30",7,84,65,53,67
"29","BARBJERMD1","2016-07-12",8,87,73,62,71
"30","BARBJERMD1","2016-07-13",9,90,75,68,76
"31","BARBJERMD1","2016-07-14",10,98,75,68,76
"32","BARBJERMD1","2016-07-15",11,94,76,62,70
"33","BARBJERMD1","2016-07-16",12,93,72,66,71
"34","BARBJERMD1","2016-07-17",13,93,71,61,72
"35","BARBJERMD1","2016-07-18",14,95,73,66,76
"36","BARBJERMD1","2016-08-23",15,84,67,56,63
"37","BARBJERMD1","2016-08-24",16,86,67,60,66
"38","BARBJERMD1","2016-08-25",17,89,71,63,77
"39","BARBJERMD1","2016-08-26",18,95,77,65,75
"40","BARBJERMD1","2016-08-27",19,92,77,68,74
"41","BARBJERMD1","2016-08-28",20,90,74,59,72
"42","BARBJERMD1","2016-08-29",21,94,72,66,72
"43","BEALTOMMD1","2016-06-20",1,91,68,55,67
"44","BEALTOMMD1","2016-06-21",2,91,72,61,72
"45","BEALTOMMD1","2016-06-22",3,86,69,50,69
"46","BEALTOMMD1","2016-06-23",4,82,70,67,71
"47","BEALTOMMD1","2016-06-24",5,86,71,67,72
"48","BEALTOMMD1","2016-06-25",6,85,72,57,66
"49","BEALTOMMD1","2016-06-26",7,86,66,49,64
"50","BEALTOMMD1","2016-07-13",8,90,75,68,76
"51","BEALTOMMD1","2016-07-14",9,98,75,68,76
"52","BEALTOMMD1","2016-07-15",10,94,76,62,70
"53","BEALTOMMD1","2016-07-16",11,93,72,66,71
"54","BEALTOMMD1","2016-07-17",12,93,71,61,72
"55","BEALTOMMD1","2016-07-18",13,95,73,66,76
"56","BEALTOMMD1","2016-07-19",14,92,70,63,73
"57","BEALTOMMD1","2016-08-21",15,91,74,62,76
"58","BEALTOMMD1","2016-08-22",16,85,69,56,63
"59","BEALTOMMD1","2016-08-23",17,84,67,56,63
"60","BEALTOMMD1","2016-08-24",18,86,67,60,66
"61","BEALTOMMD1","2016-08-25",19,89,71,63,77
"62","BEALTOMMD1","2016-08-26",20,95,77,65,75
"63","BEALTOMMD1","2016-08-27",21,92,77,68,74
"64","BLOCDAVMD1","2016-06-27",1,87,68,62,72
"65","BLOCDAVMD1","2016-06-28",2,87,69,64,75
"66","BLOCDAVMD1","2016-06-29",3,82,68,55,66
"67","BLOCDAVMD1","2016-06-30",4,84,65,53,67
"68","BLOCDAVMD1","2016-07-01",5,88,71,66,74
"69","BLOCDAVMD1","2016-07-02",6,80,70,50,70
"70","BLOCDAVMD1","2016-07-03",7,74,64,54,66
"71","BLOCDAVMD1","2016-07-13",8,90,75,68,76
"72","BLOCDAVMD1","2016-07-14",9,98,75,68,76
"73","BLOCDAVMD1","2016-07-15",10,94,76,62,70
"74","BLOCDAVMD1","2016-07-16",11,93,72,66,71
"75","BLOCDAVMD1","2016-07-17",12,93,71,61,72
"76","BLOCDAVMD1","2016-07-18",13,95,73,66,76
"77","BLOCDAVMD1","2016-07-19",14,92,70,63,73
"78","BLOCDAVMD1","2016-08-05",15,85,73,66,74
"79","BLOCDAVMD1","2016-08-06",16,94,75,69,76
"80","BLOCDAVMD1","2016-08-07",17,92,71,56,63
"81","BLOCDAVMD1","2016-08-08",18,92,70,56,68
"82","BLOCDAVMD1","2016-08-09",19,81,68,62,75
"83","BLOCDAVMD1","2016-08-10",20,95,77,71,75
"84","BLOCDAVMD1","2016-08-11",21,97,78,70,75
"85","BRIGKIMMD1","2016-06-09",1,82,53,39,49
"86","BRIGKIMMD1","2016-06-10",2,82,63,37,61
"87","BRIGKIMMD1","2016-06-11",3,96,66,58,70
"88","BRIGKIMMD1","2016-06-12",4,93,70,34,67
"89","BRIGKIMMD1","2016-06-13",5,81,64,42,55
"90","BRIGKIMMD1","2016-06-14",6,81,67,45,58
"91","BRIGKIMMD1","2016-06-15",7,83,66,58,68
"92","BRIGKIMMD1","2016-07-05",8,91,74,70,76
"93","BRIGKIMMD1","2016-07-06",9,94,77,69,76
"94","BRIGKIMMD1","2016-07-07",10,93,77,69,76
"95","BRIGKIMMD1","2016-07-08",11,91,77,68,77
"96","BRIGKIMMD1","2016-07-09",12,93,78,61,76
"97","BRIGKIMMD1","2016-07-10",13,86,74,60,62
"98","BRIGKIMMD1","2016-07-11",14,88,70,52,66
"99","BRIGKIMMD1","2016-08-02",15,91,75,67,73
"100","BRIGKIMMD1","2016-08-03",16,83,72,64,67
"101","BRIGKIMMD1","2016-08-04",17,86,70,59,67
"102","BRIGKIMMD1","2016-08-05",18,85,73,66,74
"103","BRIGKIMMD1","2016-08-06",19,94,75,69,76
"104","BRIGKIMMD1","2016-08-07",20,92,71,56,63
"105","BRIGKIMMD1","2016-08-08",21,92,70,56,68
"106","BROWANNDC1","2016-06-15",1,83,66,58,68
"107","BROWANNDC1","2016-06-16",2,89,68,65,71
"108","BROWANNDC1","2016-06-17",3,82,66,55,65
"109","BROWANNDC1","2016-06-18",4,85,66,51,58
"110","BROWANNDC1","2016-06-19",5,90,65,51,58
"111","BROWANNDC1","2016-06-20",6,91,68,55,67
"112","BROWANNDC1","2016-06-21",7,91,72,61,72
"113","BROWANNDC1","2016-07-11",8,88,70,52,66
"114","BROWANNDC1","2016-07-12",9,87,73,62,71
"115","BROWANNDC1","2016-07-13",10,90,75,68,76
"116","BROWANNDC1","2016-07-14",11,98,75,68,76
"117","BROWANNDC1","2016-07-15",12,94,76,62,70
"118","BROWANNDC1","2016-07-16",13,93,72,66,71
"119","BROWANNDC1","2016-07-17",14,93,71,61,72
"120","BROWANNDC1","2016-08-22",15,85,69,56,63
"121","BROWANNDC1","2016-08-23",16,84,67,56,63
"122","BROWANNDC1","2016-08-24",17,86,67,60,66
"123","BROWANNDC1","2016-08-25",18,89,71,63,77
"124","BROWANNDC1","2016-08-26",19,95,77,65,75
"125","BROWANNDC1","2016-08-27",20,92,77,68,74
"126","BROWANNDC1","2016-08-28",21,90,74,59,72
"127","BROWANNMD1","2016-06-21",1,91,72,61,72
"128","BROWANNMD1","2016-06-22",2,86,69,50,69
"129","BROWANNMD1","2016-06-23",3,82,70,67,71
"130","BROWANNMD1","2016-06-24",4,86,71,67,72
"131","BROWANNMD1","2016-06-25",5,85,72,57,66
"132","BROWANNMD1","2016-06-26",6,86,66,49,64
"133","BROWANNMD1","2016-06-27",7,87,68,62,72
"134","BROWANNMD1","2016-07-05",8,91,74,70,76
"135","BROWANNMD1","2016-07-06",9,94,77,69,76
"136","BROWANNMD1","2016-07-07",10,93,77,69,76
"137","BROWANNMD1","2016-07-08",11,91,77,68,77
"138","BROWANNMD1","2016-07-09",12,93,78,61,76
"139","BROWANNMD1","2016-07-10",13,86,74,60,62
"140","BROWANNMD1","2016-07-11",14,88,70,52,66
"141","BROWANNMD1","2016-08-02",15,91,75,67,73
"142","BROWANNMD1","2016-08-03",16,83,72,64,67
"143","BROWANNMD1","2016-08-04",17,86,70,59,67
"144","BROWANNMD1","2016-08-05",18,85,73,66,74
"145","BROWANNMD1","2016-08-06",19,94,75,69,76
"146","BROWANNMD1","2016-08-07",20,92,71,56,63
"147","BROWANNMD1","2016-08-08",21,92,70,56,68
"148","BUISNORVA1","2016-06-06",1,87,69,57,68
"149","BUISNORVA1","2016-06-07",2,87,65,50,68
"150","BUISNORVA1","2016-06-08",3,74,62,38,51
"151","BUISNORVA1","2016-06-09",4,82,53,39,49
"152","BUISNORVA1","2016-06-10",5,82,63,37,61
"153","BUISNORVA1","2016-06-11",6,96,66,58,70
"154","BUISNORVA1","2016-06-12",7,93,70,34,67
"155","BUISNORVA1","2016-07-25",8,100,81,69,79
"156","BUISNORVA1","2016-07-26",9,98,80,64,73
"157","BUISNORVA1","2016-07-27",10,97,81,60,74
"158","BUISNORVA1","2016-07-28",11,95,77,69,76
"159","BUISNORVA1","2016-07-29",12,92,75,67,75
"160","BUISNORVA1","2016-07-30",13,90,74,71,76
"161","BUISNORVA1","2016-07-31",14,92,75,69,74
"162","BUISNORVA1","2016-08-08",15,92,70,56,68
"163","BUISNORVA1","2016-08-09",16,81,68,62,75
"164","BUISNORVA1","2016-08-10",17,95,77,71,75
"165","BUISNORVA1","2016-08-11",18,97,78,70,75
"166","BUISNORVA1","2016-08-12",19,99,81,73,78
"167","BUISNORVA1","2016-08-13",20,101,80,68,78
"168","BUISNORVA1","2016-08-14",21,100,80,68,77
"169","BURDROBVA1","2016-06-13",1,81,64,42,55
"170","BURDROBVA1","2016-06-14",2,81,67,45,58
"171","BURDROBVA1","2016-06-15",3,83,66,58,68
"172","BURDROBVA1","2016-06-16",4,89,68,65,71
"173","BURDROBVA1","2016-06-17",5,82,66,55,65
"174","BURDROBVA1","2016-06-18",6,85,66,51,58
"175","BURDROBVA1","2016-06-19",7,90,65,51,58
"176","BURDROBVA1","2016-07-18",8,95,73,66,76
"177","BURDROBVA1","2016-07-19",9,92,70,63,73
"178","BURDROBVA1","2016-07-20",10,89,70,59,70
"179","BURDROBVA1","2016-07-21",11,90,71,62,70
"180","BURDROBVA1","2016-07-22",12,95,74,68,72
"181","BURDROBVA1","2016-07-23",13,98,79,68,78
"182","BURDROBVA1","2016-07-24",14,97,80,64,76
"183","BURDROBVA1","2016-08-22",15,85,69,56,63
"184","BURDROBVA1","2016-08-23",16,84,67,56,63
"185","BURDROBVA1","2016-08-24",17,86,67,60,66
"186","BURDROBVA1","2016-08-25",18,89,71,63,77
"187","BURDROBVA1","2016-08-26",19,95,77,65,75
"188","BURDROBVA1","2016-08-27",20,92,77,68,74
"189","BURDROBVA1","2016-08-28",21,90,74,59,72
"190","CAMPGLOMD1","2016-06-17",1,82,66,55,65
"191","CAMPGLOMD1","2016-06-18",2,85,66,51,58
"192","CAMPGLOMD1","2016-06-19",3,90,65,51,58
"193","CAMPGLOMD1","2016-06-20",4,91,68,55,67
"194","CAMPGLOMD1","2016-06-21",5,91,72,61,72
"195","CAMPGLOMD1","2016-06-22",6,86,69,50,69
"196","CAMPGLOMD1","2016-06-23",7,82,70,67,71
"197","CAMPGLOMD1","2016-07-06",8,94,77,69,76
"198","CAMPGLOMD1","2016-07-07",9,93,77,69,76
"199","CAMPGLOMD1","2016-07-08",10,91,77,68,77
"200","CAMPGLOMD1","2016-07-09",11,93,78,61,76
"201","CAMPGLOMD1","2016-07-10",12,86,74,60,62
"202","CAMPGLOMD1","2016-07-11",13,88,70,52,66
"203","CAMPGLOMD1","2016-07-12",14,87,73,62,71
"204","CAMPGLOMD1","2016-08-02",15,91,75,67,73
"205","CAMPGLOMD1","2016-08-03",16,83,72,64,67
"206","CAMPGLOMD1","2016-08-04",17,86,70,59,67
"207","CAMPGLOMD1","2016-08-05",18,85,73,66,74
"208","CAMPGLOMD1","2016-08-06",19,94,75,69,76
"209","CAMPGLOMD1","2016-08-07",20,92,71,56,63
"210","CAMPGLOMD1","2016-08-08",21,92,70,56,68
"211","CAMPROSMD1","2016-06-20",1,91,68,55,67
"212","CAMPROSMD1","2016-06-21",2,91,72,61,72
"213","CAMPROSMD1","2016-06-22",3,86,69,50,69
"214","CAMPROSMD1","2016-06-23",4,82,70,67,71
"215","CAMPROSMD1","2016-06-24",5,86,71,67,72
"216","CAMPROSMD1","2016-06-25",6,85,72,57,66
"217","CAMPROSMD1","2016-06-26",7,86,66,49,64
"218","CAMPROSMD1","2016-07-15",8,94,76,62,70
"219","CAMPROSMD1","2016-07-16",9,93,72,66,71
"220","CAMPROSMD1","2016-07-17",10,93,71,61,72
"221","CAMPROSMD1","2016-07-18",11,95,73,66,76
"222","CAMPROSMD1","2016-07-19",12,92,70,63,73
"223","CAMPROSMD1","2016-07-20",13,89,70,59,70
"224","CAMPROSMD1","2016-07-21",14,90,71,62,70
"225","CAMPROSMD1","2016-08-13",15,101,81,74,78
"226","CAMPROSMD1","2016-08-14",16,100,80,68,77
"227","CAMPROSMD1","2016-08-15",17,100,73,69,75
"228","CAMPROSMD1","2016-08-16",18,97,75,72,77
"229","CAMPROSMD1","2016-08-17",19,95,72,68,74
"230","CAMPROSMD1","2016-08-18",20,92,74,67,73
"231","CAMPROSMD1","2016-08-19",21,92,74,60,72
"232","CLARCOLDC1","2016-06-24",1,86,71,67,72
"233","CLARCOLDC1","2016-06-25",2,85,72,57,66
"234","CLARCOLDC1","2016-06-26",3,86,66,49,64
"235","CLARCOLDC1","2016-06-27",4,87,68,62,72
"236","CLARCOLDC1","2016-06-28",5,87,69,64,75
"237","CLARCOLDC1","2016-06-29",6,82,68,55,66
"238","CLARCOLDC1","2016-06-30",7,84,65,53,67
"239","CLARCOLDC1","2016-07-07",8,93,77,69,76
"240","CLARCOLDC1","2016-07-08",9,91,77,68,77
"241","CLARCOLDC1","2016-07-09",10,93,78,61,76
"242","CLARCOLDC1","2016-07-10",11,86,74,60,62
"243","CLARCOLDC1","2016-07-11",12,88,70,52,66
"244","CLARCOLDC1","2016-07-12",13,87,73,62,71
"245","CLARCOLDC1","2016-07-13",14,90,75,68,76
"246","CLARCOLDC1","2016-08-15",15,100,73,69,75
"247","CLARCOLDC1","2016-08-16",16,97,75,72,77
"248","CLARCOLDC1","2016-08-17",17,95,72,68,74
"249","CLARCOLDC1","2016-08-18",18,92,74,67,73
"250","CLARCOLDC1","2016-08-19",19,92,74,60,72
"251","CLARCOLDC1","2016-08-20",20,91,75,58,71
"252","CLARCOLDC1","2016-08-21",21,91,74,62,76
"253","COLSKATMD1","2016-06-14",1,81,67,45,58
"254","COLSKATMD1","2016-06-15",2,83,66,58,68
"255","COLSKATMD1","2016-06-16",3,89,68,65,71
"256","COLSKATMD1","2016-06-17",4,82,66,55,65
"257","COLSKATMD1","2016-06-18",5,85,66,51,58
"258","COLSKATMD1","2016-06-19",6,90,65,51,58
"259","COLSKATMD1","2016-06-20",7,91,68,55,67
"260","COLSKATMD1","2016-07-12",8,87,73,62,71
"261","COLSKATMD1","2016-07-13",9,90,75,68,76
"262","COLSKATMD1","2016-07-14",10,98,75,68,76
"263","COLSKATMD1","2016-07-15",11,94,76,62,70
"264","COLSKATMD1","2016-07-16",12,93,72,66,71
"265","COLSKATMD1","2016-07-17",13,93,71,61,72
"266","COLSKATMD1","2016-07-18",14,95,73,66,76
"267","COLSKATMD1","2016-08-16",15,97,75,72,77
"268","COLSKATMD1","2016-08-17",16,95,72,68,74
"269","COLSKATMD1","2016-08-18",17,92,74,67,73
"270","COLSKATMD1","2016-08-19",18,92,74,60,72
"271","COLSKATMD1","2016-08-20",19,91,75,58,71
"272","COLSKATMD1","2016-08-21",20,91,74,62,76
"273","COLSKATMD1","2016-08-22",21,85,69,56,63
"274","EGANMARMD1","2016-06-10",1,82,63,37,61
"275","EGANMARMD1","2016-06-11",2,96,66,58,70
"276","EGANMARMD1","2016-06-12",3,93,70,34,67
"277","EGANMARMD1","2016-06-13",4,81,64,42,55
"278","EGANMARMD1","2016-06-14",5,81,67,45,58
"279","EGANMARMD1","2016-06-15",6,83,66,58,68
"280","EGANMARMD1","2016-06-16",7,89,68,65,71
"281","EGANMARMD1","2016-07-04",8,74,68,65,73
"282","EGANMARMD1","2016-07-05",9,91,74,70,76
"283","EGANMARMD1","2016-07-06",10,94,77,69,76
"284","EGANMARMD1","2016-07-07",11,93,77,69,76
"285","EGANMARMD1","2016-07-08",12,91,77,68,77
"286","EGANMARMD1","2016-07-09",13,93,78,61,76
"287","EGANMARMD1","2016-07-10",14,86,74,60,62
"288","EGANMARMD1","2016-08-03",15,83,72,64,67
"289","EGANMARMD1","2016-08-04",16,86,70,59,67
"290","EGANMARMD1","2016-08-05",17,85,73,66,74
"291","EGANMARMD1","2016-08-06",18,94,75,69,76
"292","EGANMARMD1","2016-08-07",19,92,71,56,63
"293","EGANMARMD1","2016-08-08",20,92,70,56,68
"294","EGANMARMD1","2016-08-09",21,81,68,62,75
"295","FARYSIMMD1","2016-06-16",1,89,68,65,71
"296","FARYSIMMD1","2016-06-17",2,82,66,55,65
"297","FARYSIMMD1","2016-06-18",3,85,66,51,58
"298","FARYSIMMD1","2016-06-19",4,90,65,51,58
"299","FARYSIMMD1","2016-06-20",5,91,68,55,67
"300","FARYSIMMD1","2016-06-21",6,91,72,61,72
"301","FARYSIMMD1","2016-06-22",7,86,69,50,69
"302","FARYSIMMD1","2016-07-11",8,88,70,52,66
"303","FARYSIMMD1","2016-07-12",9,87,73,62,71
"304","FARYSIMMD1","2016-07-13",10,90,75,68,76
"305","FARYSIMMD1","2016-07-14",11,98,75,68,76
"306","FARYSIMMD1","2016-07-15",12,94,76,62,70
"307","FARYSIMMD1","2016-07-16",13,93,72,66,71
"308","FARYSIMMD1","2016-07-17",14,93,71,61,72
"309","FARYSIMMD1","2016-08-13",15,101,81,74,78
"310","FARYSIMMD1","2016-08-14",16,100,80,68,77
"311","FARYSIMMD1","2016-08-15",17,100,73,69,75
"312","FARYSIMMD1","2016-08-16",18,97,75,72,77
"313","FARYSIMMD1","2016-08-17",19,95,72,68,74
"314","FARYSIMMD1","2016-08-18",20,92,74,67,73
"315","FARYSIMMD1","2016-08-19",21,92,74,60,72
"316","FISHFERVA1","2016-06-09",1,82,53,39,49
"317","FISHFERVA1","2016-06-10",2,82,63,37,61
"318","FISHFERVA1","2016-06-11",3,96,66,58,70
"319","FISHFERVA1","2016-06-12",4,93,70,34,67
"320","FISHFERVA1","2016-06-13",5,81,64,42,55
"321","FISHFERVA1","2016-06-14",6,81,67,45,58
"322","FISHFERVA1","2016-06-15",7,83,66,58,68
"323","FISHFERVA1","2016-07-25",8,100,81,69,79
"324","FISHFERVA1","2016-07-26",9,98,80,64,73
"325","FISHFERVA1","2016-07-27",10,97,81,60,74
"326","FISHFERVA1","2016-07-28",11,95,77,69,76
"327","FISHFERVA1","2016-07-29",12,92,75,67,75
"328","FISHFERVA1","2016-07-30",13,90,74,71,76
"329","FISHFERVA1","2016-07-31",14,92,75,69,74
"330","FISHFERVA1","2016-08-19",15,92,74,60,72
"331","FISHFERVA1","2016-08-20",16,91,75,58,71
"332","FISHFERVA1","2016-08-21",17,91,74,62,76
"333","FISHFERVA1","2016-08-22",18,85,69,56,63
"334","FISHFERVA1","2016-08-23",19,84,67,56,63
"335","FISHFERVA1","2016-08-24",20,86,67,60,66
"336","FISHFERVA1","2016-08-25",21,89,71,63,77
"337","GECACARVA1","2016-06-13",1,81,64,42,55
"338","GECACARVA1","2016-06-14",2,81,67,45,58
"339","GECACARVA1","2016-06-15",3,83,66,58,68
"340","GECACARVA1","2016-06-16",4,89,68,65,71
"341","GECACARVA1","2016-06-17",5,82,66,55,65
"342","GECACARVA1","2016-06-18",6,85,66,51,58
"343","GECACARVA1","2016-06-19",7,90,65,51,58
"344","GECACARVA1","2016-07-07",8,93,77,69,76
"345","GECACARVA1","2016-07-08",9,91,77,68,77
"346","GECACARVA1","2016-07-09",10,93,78,61,76
"347","GECACARVA1","2016-07-10",11,86,74,60,62
"348","GECACARVA1","2016-07-11",12,88,70,52,66
"349","GECACARVA1","2016-07-12",13,87,73,62,71
"350","GECACARVA1","2016-07-13",14,90,75,68,76
"351","GECACARVA1","2016-08-19",15,92,74,60,72
"352","GECACARVA1","2016-08-20",16,91,75,58,71
"353","GECACARVA1","2016-08-21",17,91,74,62,76
"354","GECACARVA1","2016-08-22",18,85,69,56,63
"355","GECACARVA1","2016-08-23",19,84,67,56,63
"356","GECACARVA1","2016-08-24",20,86,67,60,66
"357","GECACARVA1","2016-08-25",21,89,71,63,77
"358","JACOMERMD1","2016-06-21",1,91,72,61,72
"359","JACOMERMD1","2016-06-22",2,86,69,50,69
"360","JACOMERMD1","2016-06-23",3,82,70,67,71
"361","JACOMERMD1","2016-06-24",4,86,71,67,72
"362","JACOMERMD1","2016-06-25",5,85,72,57,66
"363","JACOMERMD1","2016-06-26",6,86,66,49,64
"364","JACOMERMD1","2016-06-27",7,87,68,62,72
"365","JACOMERMD1","2016-07-20",8,89,70,59,70
"366","JACOMERMD1","2016-07-21",9,90,71,62,70
"367","JACOMERMD1","2016-07-22",10,95,74,68,72
"368","JACOMERMD1","2016-07-23",11,98,79,68,78
"369","JACOMERMD1","2016-07-24",12,97,80,64,76
"370","JACOMERMD1","2016-07-25",13,100,81,69,79
"371","JACOMERMD1","2016-07-26",14,98,80,64,73
"372","JACOMERMD1","2016-08-17",15,95,72,68,74
"373","JACOMERMD1","2016-08-18",16,92,74,67,73
"374","JACOMERMD1","2016-08-19",17,92,74,60,72
"375","JACOMERMD1","2016-08-20",18,91,75,58,71
"376","JACOMERMD1","2016-08-21",19,91,74,62,76
"377","JACOMERMD1","2016-08-22",20,85,69,56,63
"378","JACOMERMD1","2016-08-23",21,84,67,56,63
"379","KESTSABDC1","2016-06-14",1,81,67,45,58
"380","KESTSABDC1","2016-06-15",2,83,66,58,68
"381","KESTSABDC1","2016-06-16",3,89,68,65,71
"382","KESTSABDC1","2016-06-17",4,82,66,55,65
"383","KESTSABDC1","2016-06-18",5,85,66,51,58
"384","KESTSABDC1","2016-06-19",6,90,65,51,58
"385","KESTSABDC1","2016-06-20",7,91,68,55,67
"386","KESTSABDC1","2016-07-21",8,90,71,62,70
"387","KESTSABDC1","2016-07-22",9,95,74,68,72
"388","KESTSABDC1","2016-07-23",10,98,79,68,78
"389","KESTSABDC1","2016-07-24",11,97,80,64,76
"390","KESTSABDC1","2016-07-25",12,100,81,69,79
"391","KESTSABDC1","2016-07-26",13,98,80,64,73
"392","KESTSABDC1","2016-07-27",14,97,81,60,74
"393","KESTSABDC1","2016-08-08",15,92,70,56,68
"394","KESTSABDC1","2016-08-09",16,81,68,62,75
"395","KESTSABDC1","2016-08-10",17,95,77,71,75
"396","KESTSABDC1","2016-08-11",18,97,78,70,75
"397","KESTSABDC1","2016-08-12",19,99,81,73,78
"398","KESTSABDC1","2016-08-13",20,101,81,74,78
"399","KESTSABDC1","2016-08-14",21,100,80,68,77
"400","KEYESUSMD1","2016-06-10",1,82,63,37,61
"401","KEYESUSMD1","2016-06-11",2,96,66,58,70
"402","KEYESUSMD1","2016-06-12",3,93,70,34,67
"403","KEYESUSMD1","2016-06-13",4,81,64,42,55
"404","KEYESUSMD1","2016-06-14",5,81,67,45,58
"405","KEYESUSMD1","2016-06-15",6,83,66,58,68
"406","KEYESUSMD1","2016-06-16",7,89,68,65,71
"407","KEYESUSMD1","2016-07-20",8,89,70,59,70
"408","KEYESUSMD1","2016-07-21",9,90,71,62,70
"409","KEYESUSMD1","2016-07-22",10,95,74,68,72
"410","KEYESUSMD1","2016-07-23",11,98,79,68,78
"411","KEYESUSMD1","2016-07-24",12,97,80,64,76
"412","KEYESUSMD1","2016-07-25",13,100,81,69,79
"413","KEYESUSMD1","2016-07-26",14,98,80,64,73
"414","KEYESUSMD1","2016-08-03",15,83,72,64,67
"415","KEYESUSMD1","2016-08-04",16,86,70,59,67
"416","KEYESUSMD1","2016-08-05",17,85,73,66,74
"417","KEYESUSMD1","2016-08-06",18,94,75,69,76
"418","KEYESUSMD1","2016-08-07",19,92,71,56,63
"419","KEYESUSMD1","2016-08-08",20,92,70,56,68
"420","KEYESUSMD1","2016-08-09",21,81,68,62,75
"421","LANDCELVA1","2016-06-16",1,89,68,65,71
"422","LANDCELVA1","2016-06-17",2,82,66,55,65
"423","LANDCELVA1","2016-06-18",3,85,66,51,58
"424","LANDCELVA1","2016-06-19",4,90,65,51,58
"425","LANDCELVA1","2016-06-20",5,91,68,55,67
"426","LANDCELVA1","2016-06-21",6,91,72,61,72
"427","LANDCELVA1","2016-06-22",7,86,69,50,69
"428","LANDCELVA1","2016-07-25",8,100,81,69,79
"429","LANDCELVA1","2016-07-26",9,98,80,64,73
"430","LANDCELVA1","2016-07-27",10,97,81,60,74
"431","LANDCELVA1","2016-07-28",11,95,77,69,76
"432","LANDCELVA1","2016-07-29",12,92,75,67,75
"433","LANDCELVA1","2016-07-30",13,90,74,71,76
"434","LANDCELVA1","2016-07-31",14,92,75,69,74
"435","LANDCELVA1","2016-08-08",15,92,70,56,68
"436","LANDCELVA1","2016-08-09",16,81,68,62,75
"437","LANDCELVA1","2016-08-10",17,95,77,71,75
"438","LANDCELVA1","2016-08-11",18,97,78,70,75
"439","LANDCELVA1","2016-08-12",19,99,81,73,78
"440","LANDCELVA1","2016-08-13",20,101,81,74,78
"441","LANDCELVA1","2016-08-14",21,100,80,68,77
"442","LEONTESDC1","2016-06-06",1,87,69,57,68
"443","LEONTESDC1","2016-06-07",2,87,65,50,68
"444","LEONTESDC1","2016-06-08",3,74,62,38,51
"445","LEONTESDC1","2016-06-09",4,82,53,39,49
"446","LEONTESDC1","2016-06-10",5,82,63,37,61
"447","LEONTESDC1","2016-06-11",6,96,66,58,70
"448","LEONTESDC1","2016-06-12",7,93,70,34,67
"449","LEONTESDC1","2016-07-28",8,95,77,69,76
"450","LEONTESDC1","2016-07-29",9,92,75,67,75
"451","LEONTESDC1","2016-07-30",10,90,74,71,76
"452","LEONTESDC1","2016-07-31",11,92,75,69,74
"453","LEONTESDC1","2016-08-01",12,93,76,69,73
"454","LEONTESDC1","2016-08-02",13,91,75,67,73
"455","LEONTESDC1","2016-08-03",14,83,72,64,67
"456","LEONTESDC1","2016-08-14",15,100,80,68,77
"457","LEONTESDC1","2016-08-15",16,100,73,69,75
"458","LEONTESDC1","2016-08-16",17,97,75,72,77
"459","LEONTESDC1","2016-08-17",18,95,72,68,74
"460","LEONTESDC1","2016-08-18",19,92,74,67,73
"461","LEONTESDC1","2016-08-19",20,92,74,60,72
"462","LEONTESDC1","2016-08-20",21,91,75,58,71
"463","MANNJANDC1","2016-06-08",1,74,62,38,51
"464","MANNJANDC1","2016-06-09",2,82,53,39,49
"465","MANNJANDC1","2016-06-10",3,82,63,37,61
"466","MANNJANDC1","2016-06-11",4,96,66,58,70
"467","MANNJANDC1","2016-06-12",5,93,70,34,67
"468","MANNJANDC1","2016-06-13",6,81,64,42,55
"469","MANNJANDC1","2016-06-14",7,81,67,45,58
"470","MANNJANDC1","2016-07-04",8,74,68,65,73
"471","MANNJANDC1","2016-07-05",9,91,74,70,76
"472","MANNJANDC1","2016-07-06",10,94,77,69,76
"473","MANNJANDC1","2016-07-07",11,93,77,69,76
"474","MANNJANDC1","2016-07-08",12,91,77,68,77
"475","MANNJANDC1","2016-07-09",13,93,78,61,76
"476","MANNJANDC1","2016-07-10",14,86,74,60,62
"477","MANNJANDC1","2016-08-18",15,92,74,67,73
"478","MANNJANDC1","2016-08-19",16,92,74,60,72
"479","MANNJANDC1","2016-08-20",17,91,75,58,71
"480","MANNJANDC1","2016-08-21",18,91,74,62,76
"481","MANNJANDC1","2016-08-22",19,85,69,56,63
"482","MANNJANDC1","2016-08-23",20,84,67,56,63
"483","MANNJANDC1","2016-08-24",21,86,67,60,66
"484","MCDOELIVA1","2016-06-30",1,84,65,53,67
"485","MCDOELIVA1","2016-07-01",2,88,71,66,74
"486","MCDOELIVA1","2016-07-02",3,80,70,50,70
"487","MCDOELIVA1","2016-07-03",4,74,64,54,66
"488","MCDOELIVA1","2016-07-04",5,74,68,65,73
"489","MCDOELIVA1","2016-07-05",6,91,74,70,76
"490","MCDOELIVA1","2016-07-06",7,94,77,69,76
"491","MCDOELIVA1","2016-07-14",8,98,75,68,76
"492","MCDOELIVA1","2016-07-15",9,94,76,62,70
"493","MCDOELIVA1","2016-07-16",10,93,72,66,71
"494","MCDOELIVA1","2016-07-17",11,93,71,61,72
"495","MCDOELIVA1","2016-07-18",12,95,73,66,76
"496","MCDOELIVA1","2016-07-19",13,92,70,63,73
"497","MCDOELIVA1","2016-07-20",14,89,70,59,70
"498","MCDOELIVA1","2016-08-01",15,93,76,69,73
"499","MCDOELIVA1","2016-08-02",16,91,75,67,73
"500","MCDOELIVA1","2016-08-03",17,83,72,64,67
"501","MCDOELIVA1","2016-08-04",18,86,70,59,67
"502","MCDOELIVA1","2016-08-05",19,85,73,66,74
"503","MCDOELIVA1","2016-08-06",20,94,75,69,76
"504","MCDOELIVA1","2016-08-07",21,92,71,56,63
"505","MOLIKARMD1","2016-06-07",1,87,65,50,68
"506","MOLIKARMD1","2016-06-08",2,74,62,38,51
"507","MOLIKARMD1","2016-06-09",3,82,53,39,49
"508","MOLIKARMD1","2016-06-10",4,82,63,37,61
"509","MOLIKARMD1","2016-06-11",5,96,66,58,70
"510","MOLIKARMD1","2016-06-12",6,93,70,34,67
"511","MOLIKARMD1","2016-06-13",7,81,64,42,55
"512","MOLIKARMD1","2016-07-08",8,91,77,68,77
"513","MOLIKARMD1","2016-07-09",9,93,78,61,76
"514","MOLIKARMD1","2016-07-10",10,86,74,60,62
"515","MOLIKARMD1","2016-07-11",11,88,70,52,66
"516","MOLIKARMD1","2016-07-12",12,87,73,62,71
"517","MOLIKARMD1","2016-07-13",13,90,75,68,76
"518","MOLIKARMD1","2016-07-14",14,98,75,68,76
"519","MOLIKARMD1","2016-08-21",15,91,74,62,76
"520","MOLIKARMD1","2016-08-22",16,85,69,56,63
"521","MOLIKARMD1","2016-08-23",17,84,67,56,63
"522","MOLIKARMD1","2016-08-24",18,86,67,60,66
"523","MOLIKARMD1","2016-08-25",19,89,71,63,77
"524","MOLIKARMD1","2016-08-26",20,95,77,65,75
"525","MOLIKARMD1","2016-08-27",21,92,77,68,74
"526","MORRCHRVA1","2016-06-27",1,87,68,62,72
"527","MORRCHRVA1","2016-06-28",2,87,69,64,75
"528","MORRCHRVA1","2016-06-29",3,82,68,55,66
"529","MORRCHRVA1","2016-06-30",4,84,65,53,67
"530","MORRCHRVA1","2016-07-01",5,88,71,66,74
"531","MORRCHRVA1","2016-07-02",6,80,70,50,70
"532","MORRCHRVA1","2016-07-03",7,74,64,54,66
"533","MORRCHRVA1","2016-07-18",8,95,73,66,76
"534","MORRCHRVA1","2016-07-19",9,92,70,63,73
"535","MORRCHRVA1","2016-07-20",10,89,70,59,70
"536","MORRCHRVA1","2016-07-21",11,90,71,62,70
"537","MORRCHRVA1","2016-07-22",12,95,74,68,72
"538","MORRCHRVA1","2016-07-23",13,98,79,68,78
"539","MORRCHRVA1","2016-07-24",14,97,80,64,76
"540","MORRCHRVA1","2016-08-01",15,93,76,69,73
"541","MORRCHRVA1","2016-08-02",16,91,75,67,73
"542","MORRCHRVA1","2016-08-03",17,83,72,64,67
"543","MORRCHRVA1","2016-08-04",18,86,70,59,67
"544","MORRCHRVA1","2016-08-05",19,85,73,66,74
"545","MORRCHRVA1","2016-08-06",20,94,75,69,76
"546","MORRCHRVA1","2016-08-07",21,92,71,56,63
"547","MOSMCARMD1","2016-06-28",1,87,69,64,75
"548","MOSMCARMD1","2016-06-29",2,82,68,55,66
"549","MOSMCARMD1","2016-06-30",3,84,65,53,67
"550","MOSMCARMD1","2016-07-01",4,88,71,66,74
"551","MOSMCARMD1","2016-07-02",5,80,70,50,70
"552","MOSMCARMD1","2016-07-03",6,74,64,54,66
"553","MOSMCARMD1","2016-07-04",7,74,68,65,73
"554","MOSMCARMD1","2016-07-19",8,92,70,63,73
"555","MOSMCARMD1","2016-07-20",9,89,70,59,70
"556","MOSMCARMD1","2016-07-21",10,90,71,62,70
"557","MOSMCARMD1","2016-07-22",11,95,74,68,72
"558","MOSMCARMD1","2016-07-23",12,98,79,68,78
"559","MOSMCARMD1","2016-07-24",13,97,80,64,76
"560","MOSMCARMD1","2016-07-25",14,100,81,69,79
"561","MOSMCARMD1","2016-08-23",15,84,67,56,63
"562","MOSMCARMD1","2016-08-24",16,86,67,60,66
"563","MOSMCARMD1","2016-08-25",17,89,71,63,77
"564","MOSMCARMD1","2016-08-26",18,95,77,65,75
"565","MOSMCARMD1","2016-08-27",19,92,77,68,74
"566","MOSMCARMD1","2016-08-28",20,90,74,59,72
"567","MOSMCARMD1","2016-08-29",21,94,72,66,72
"568","NEWBCARVA1","2016-06-15",1,83,66,58,68
"569","NEWBCARVA1","2016-06-16",2,89,68,65,71
"570","NEWBCARVA1","2016-06-17",3,82,66,55,65
"571","NEWBCARVA1","2016-06-18",4,85,66,51,58
"572","NEWBCARVA1","2016-06-19",5,90,65,51,58
"573","NEWBCARVA1","2016-06-20",6,91,68,55,67
"574","NEWBCARVA1","2016-06-21",7,91,72,61,72
"575","NEWBCARVA1","2016-07-11",8,88,70,52,66
"576","NEWBCARVA1","2016-07-12",9,87,73,62,71
"577","NEWBCARVA1","2016-07-13",10,90,75,68,76
"578","NEWBCARVA1","2016-07-14",11,98,75,68,76
"579","NEWBCARVA1","2016-07-15",12,94,76,62,70
"580","NEWBCARVA1","2016-07-16",13,93,72,66,71
"581","NEWBCARVA1","2016-07-17",14,93,71,61,72
"582","NEWBCARVA1","2016-08-15",15,100,73,69,75
"583","NEWBCARVA1","2016-08-16",16,97,75,72,77
"584","NEWBCARVA1","2016-08-17",17,95,72,68,74
"585","NEWBCARVA1","2016-08-18",18,92,74,67,73
"586","NEWBCARVA1","2016-08-19",19,92,74,60,72
"587","NEWBCARVA1","2016-08-20",20,91,75,58,71
"588","NEWBCARVA1","2016-08-21",21,91,74,62,76
"589","OBRICHRMD1","2016-06-29",1,82,68,55,66
"590","OBRICHRMD1","2016-06-30",2,84,65,53,67
"591","OBRICHRMD1","2016-07-01",3,88,71,66,74
"592","OBRICHRMD1","2016-07-02",4,80,70,50,70
"593","OBRICHRMD1","2016-07-03",5,74,64,54,66
"594","OBRICHRMD1","2016-07-04",6,74,68,65,73
"595","OBRICHRMD1","2016-07-05",7,91,74,70,76
"596","OBRICHRMD1","2016-07-27",8,97,81,60,74
"597","OBRICHRMD1","2016-07-28",9,95,77,69,76
"598","OBRICHRMD1","2016-07-29",10,92,75,67,75
"599","OBRICHRMD1","2016-07-30",11,90,74,71,76
"600","OBRICHRMD1","2016-07-31",12,92,75,69,74
"601","OBRICHRMD1","2016-08-01",13,93,76,69,73
"602","OBRICHRMD1","2016-08-02",14,91,75,67,73
"603","OBRICHRMD1","2016-08-23",15,84,67,56,63
"604","OBRICHRMD1","2016-08-24",16,86,67,60,66
"605","OBRICHRMD1","2016-08-25",17,89,71,63,77
"606","OBRICHRMD1","2016-08-26",18,95,77,65,75
"607","OBRICHRMD1","2016-08-27",19,92,77,68,74
"608","OBRICHRMD1","2016-08-28",20,90,74,59,72
"609","OBRICHRMD1","2016-08-29",21,94,72,66,72
"610","ONTAHOUDC1","2016-06-13",1,81,64,42,55
"611","ONTAHOUDC1","2016-06-14",2,81,67,45,58
"612","ONTAHOUDC1","2016-06-15",3,83,66,58,68
"613","ONTAHOUDC1","2016-06-16",4,89,68,65,71
"614","ONTAHOUDC1","2016-06-17",5,82,66,55,65
"615","ONTAHOUDC1","2016-06-18",6,85,66,51,58
"616","ONTAHOUDC1","2016-06-19",7,90,65,51,58
"617","ONTAHOUDC1","2016-07-14",8,98,75,68,76
"618","ONTAHOUDC1","2016-07-15",9,94,76,62,70
"619","ONTAHOUDC1","2016-07-16",10,93,72,66,71
"620","ONTAHOUDC1","2016-07-17",11,93,71,61,72
"621","ONTAHOUDC1","2016-07-18",12,95,73,66,76
"622","ONTAHOUDC1","2016-07-19",13,92,70,63,73
"623","ONTAHOUDC1","2016-07-20",14,89,70,59,70
"624","ONTAHOUDC1","2016-08-03",15,83,72,64,67
"625","ONTAHOUDC1","2016-08-04",16,86,70,59,67
"626","ONTAHOUDC1","2016-08-05",17,85,73,66,74
"627","ONTAHOUDC1","2016-08-06",18,94,75,69,76
"628","ONTAHOUDC1","2016-08-07",19,92,71,56,63
"629","ONTAHOUDC1","2016-08-08",20,92,70,56,68
"630","ONTAHOUDC1","2016-08-09",21,81,68,62,75
"631","PADORAMVA1","2016-06-23",1,82,70,67,71
"632","PADORAMVA1","2016-06-24",2,86,71,67,72
"633","PADORAMVA1","2016-06-25",3,85,72,57,66
"634","PADORAMVA1","2016-06-26",4,86,66,49,64
"635","PADORAMVA1","2016-06-27",5,87,68,62,72
"636","PADORAMVA1","2016-06-28",6,87,69,64,75
"637","PADORAMVA1","2016-06-29",7,82,68,55,66
"638","PADORAMVA1","2016-07-07",8,93,77,69,76
"639","PADORAMVA1","2016-07-08",9,91,77,68,77
"640","PADORAMVA1","2016-07-09",10,93,78,61,76
"641","PADORAMVA1","2016-07-10",11,86,74,60,62
"642","PADORAMVA1","2016-07-11",12,88,70,52,66
"643","PADORAMVA1","2016-07-12",13,87,73,62,71
"644","PADORAMVA1","2016-07-13",14,90,75,68,76
"645","PADORAMVA1","2016-08-22",15,85,69,56,63
"646","PADORAMVA1","2016-08-23",16,84,67,56,63
"647","PADORAMVA1","2016-08-24",17,86,67,60,66
"648","PADORAMVA1","2016-08-25",18,89,71,63,77
"649","PADORAMVA1","2016-08-26",19,95,77,65,75
"650","PADORAMVA1","2016-08-27",20,92,77,68,74
"651","PADORAMVA1","2016-08-28",21,90,74,59,72
"652","PERRCHRMD1","2016-06-21",1,91,72,61,72
"653","PERRCHRMD1","2016-06-22",2,86,69,50,69
"654","PERRCHRMD1","2016-06-23",3,82,70,67,71
"655","PERRCHRMD1","2016-06-24",4,86,71,67,72
"656","PERRCHRMD1","2016-06-25",5,85,72,57,66
"657","PERRCHRMD1","2016-06-26",6,86,66,49,64
"658","PERRCHRMD1","2016-06-27",7,87,68,62,72
"659","PERRCHRMD1","2016-07-26",8,98,80,64,73
"660","PERRCHRMD1","2016-07-27",9,97,81,60,74
"661","PERRCHRMD1","2016-07-28",10,95,77,69,76
"662","PERRCHRMD1","2016-07-29",11,92,75,67,75
"663","PERRCHRMD1","2016-07-30",12,90,74,71,76
"664","PERRCHRMD1","2016-07-31",13,92,75,69,74
"665","PERRCHRMD1","2016-08-01",14,93,76,69,73
"666","PERRCHRMD1","2016-08-07",15,92,71,56,63
"667","PERRCHRMD1","2016-08-08",16,92,70,56,68
"668","PERRCHRMD1","2016-08-09",17,81,68,62,75
"669","PERRCHRMD1","2016-08-10",18,95,77,71,75
"670","PERRCHRMD1","2016-08-11",19,97,78,70,75
"671","PERRCHRMD1","2016-08-12",20,99,81,73,78
"672","PERRCHRMD1","2016-08-13",21,101,81,74,78
"673","PHARAIMMD1","2016-06-28",1,87,69,64,75
"674","PHARAIMMD1","2016-06-29",2,82,68,55,66
"675","PHARAIMMD1","2016-06-30",3,84,65,53,67
"676","PHARAIMMD1","2016-07-01",4,88,71,66,74
"677","PHARAIMMD1","2016-07-02",5,80,70,50,70
"678","PHARAIMMD1","2016-07-03",6,74,64,54,66
"679","PHARAIMMD1","2016-07-04",7,74,68,65,73
"680","PHARAIMMD1","2016-07-26",8,98,80,64,73
"681","PHARAIMMD1","2016-07-27",9,97,81,60,74
"682","PHARAIMMD1","2016-07-28",10,95,77,69,76
"683","PHARAIMMD1","2016-07-29",11,92,75,67,75
"684","PHARAIMMD1","2016-07-30",12,90,74,71,76
"685","PHARAIMMD1","2016-07-31",13,92,75,69,74
"686","PHARAIMMD1","2016-08-01",14,93,76,69,73
"687","PHARAIMMD1","2016-08-09",15,81,68,62,75
"688","PHARAIMMD1","2016-08-10",16,95,77,71,75
"689","PHARAIMMD1","2016-08-11",17,97,78,70,75
"690","PHARAIMMD1","2016-08-12",18,99,81,73,78
"691","PHARAIMMD1","2016-08-13",19,101,81,74,78
"692","PHARAIMMD1","2016-08-14",20,100,80,68,77
"693","PHARAIMMD1","2016-08-15",21,100,73,69,75
"694","PIROELADC1","2016-06-07",1,87,65,50,68
"695","PIROELADC1","2016-06-08",2,74,62,38,51
"696","PIROELADC1","2016-06-09",3,82,53,39,49
"697","PIROELADC1","2016-06-10",4,82,63,37,61
"698","PIROELADC1","2016-06-11",5,96,66,58,70
"699","PIROELADC1","2016-06-12",6,93,70,34,67
"700","PIROELADC1","2016-06-13",7,81,64,42,55
"701","PIROELADC1","2016-07-28",8,95,77,69,76
"702","PIROELADC1","2016-07-29",9,92,75,67,75
"703","PIROELADC1","2016-07-30",10,90,74,71,76
"704","PIROELADC1","2016-07-31",11,92,75,69,74
"705","PIROELADC1","2016-08-01",12,93,76,69,73
"706","PIROELADC1","2016-08-02",13,91,75,67,73
"707","PIROELADC1","2016-08-03",14,83,72,64,67
"708","PIROELADC1","2016-08-24",15,86,67,60,66
"709","PIROELADC1","2016-08-25",16,89,71,63,77
"710","PIROELADC1","2016-08-26",17,95,77,65,75
"711","PIROELADC1","2016-08-27",18,92,77,68,74
"712","PIROELADC1","2016-08-28",19,90,74,59,72
"713","PIROELADC1","2016-08-29",20,94,72,66,72
"714","PIROELADC1","2016-08-30",21,91,75,61,67
"715","REITBOBMD1","2016-06-22",1,86,69,50,69
"716","REITBOBMD1","2016-06-23",2,82,70,67,71
"717","REITBOBMD1","2016-06-24",3,86,71,67,72
"718","REITBOBMD1","2016-06-25",4,85,72,57,66
"719","REITBOBMD1","2016-06-26",5,86,66,49,64
"720","REITBOBMD1","2016-06-27",6,87,68,62,72
"721","REITBOBMD1","2016-06-28",7,87,69,64,75
"722","REITBOBMD1","2016-07-04",8,74,68,65,73
"723","REITBOBMD1","2016-07-05",9,91,74,70,76
"724","REITBOBMD1","2016-07-06",10,94,77,69,76
"725","REITBOBMD1","2016-07-07",11,93,77,69,76
"726","REITBOBMD1","2016-07-08",12,91,77,68,77
"727","REITBOBMD1","2016-07-09",13,93,78,61,76
"728","REITBOBMD1","2016-07-10",14,86,74,60,62
"729","REITBOBMD1","2016-08-14",15,100,80,68,77
"730","REITBOBMD1","2016-08-15",16,100,73,69,75
"731","REITBOBMD1","2016-08-16",17,97,75,72,77
"732","REITBOBMD1","2016-08-17",18,95,72,68,74
"733","REITBOBMD1","2016-08-18",19,92,74,67,73
"734","REITBOBMD1","2016-08-19",20,92,74,60,72
"735","REITBOBMD1","2016-08-20",21,91,75,58,71
"736","ROHRSALMD1","2016-07-01",1,88,71,66,74
"737","ROHRSALMD1","2016-07-02",2,80,70,50,70
"738","ROHRSALMD1","2016-07-03",3,74,64,54,66
"739","ROHRSALMD1","2016-07-04",4,74,68,65,73
"740","ROHRSALMD1","2016-07-05",5,91,74,70,76
"741","ROHRSALMD1","2016-07-06",6,94,77,69,76
"742","ROHRSALMD1","2016-07-07",7,93,77,69,76
"743","ROHRSALMD1","2016-07-29",8,92,75,67,75
"744","ROHRSALMD1","2016-07-30",9,90,74,71,76
"745","ROHRSALMD1","2016-07-31",10,92,75,69,74
"746","ROHRSALMD1","2016-08-01",11,93,76,69,73
"747","ROHRSALMD1","2016-08-02",12,91,75,67,73
"748","ROHRSALMD1","2016-08-03",13,83,72,64,67
"749","ROHRSALMD1","2016-08-04",14,86,70,59,67
"750","ROHRSALMD1","2016-08-14",15,100,80,68,77
"751","ROHRSALMD1","2016-08-15",16,100,73,69,75
"752","ROHRSALMD1","2016-08-16",17,97,75,72,77
"753","ROHRSALMD1","2016-08-17",18,95,72,68,74
"754","ROHRSALMD1","2016-08-18",19,92,74,67,73
"755","ROHRSALMD1","2016-08-19",20,92,74,60,72
"756","ROHRSALMD1","2016-08-20",21,91,75,58,71
"757","SALOSHEMD1","2016-06-06",1,87,69,57,68
"758","SALOSHEMD1","2016-06-07",2,87,65,50,68
"759","SALOSHEMD1","2016-06-08",3,74,62,38,51
"760","SALOSHEMD1","2016-06-09",4,82,53,39,49
"761","SALOSHEMD1","2016-06-10",5,82,63,37,61
"762","SALOSHEMD1","2016-06-11",6,96,66,58,70
"763","SALOSHEMD1","2016-06-12",7,93,70,34,67
"764","SALOSHEMD1","2016-07-20",8,89,70,59,70
"765","SALOSHEMD1","2016-07-21",9,90,71,62,70
"766","SALOSHEMD1","2016-07-22",10,95,74,68,72
"767","SALOSHEMD1","2016-07-23",11,98,79,68,78
"768","SALOSHEMD1","2016-07-24",12,97,80,64,76
"769","SALOSHEMD1","2016-07-25",13,100,81,69,79
"770","SALOSHEMD1","2016-07-26",14,98,80,64,73
"771","SALOSHEMD1","2016-08-04",15,86,70,59,67
"772","SALOSHEMD1","2016-08-05",16,85,73,66,74
"773","SALOSHEMD1","2016-08-06",17,94,75,69,76
"774","SALOSHEMD1","2016-08-07",18,92,71,56,63
"775","SALOSHEMD1","2016-08-08",19,92,70,56,68
"776","SALOSHEMD1","2016-08-09",20,81,68,62,75
"777","SALOSHEMD1","2016-08-10",21,95,77,71,75
"778","SCHLROBMD1","2016-06-28",1,87,69,64,75
"779","SCHLROBMD1","2016-06-29",2,82,68,55,66
"780","SCHLROBMD1","2016-06-30",3,84,65,53,67
"781","SCHLROBMD1","2016-07-01",4,88,71,66,74
"782","SCHLROBMD1","2016-07-02",5,80,70,50,70
"783","SCHLROBMD1","2016-07-03",6,74,64,54,66
"784","SCHLROBMD1","2016-07-04",7,74,68,65,73
"785","SCHLROBMD1","2016-07-19",8,92,70,63,73
"786","SCHLROBMD1","2016-07-20",9,89,70,59,70
"787","SCHLROBMD1","2016-07-21",10,90,71,62,70
"788","SCHLROBMD1","2016-07-22",11,95,74,68,72
"789","SCHLROBMD1","2016-07-23",12,98,79,68,78
"790","SCHLROBMD1","2016-07-24",13,97,80,64,76
"791","SCHLROBMD1","2016-07-25",14,100,81,69,79
"792","SCHLROBMD1","2016-08-09",15,81,68,62,75
"793","SCHLROBMD1","2016-08-10",16,95,77,71,75
"794","SCHLROBMD1","2016-08-11",17,97,78,70,75
"795","SCHLROBMD1","2016-08-12",18,99,81,73,78
"796","SCHLROBMD1","2016-08-13",19,101,81,74,78
"797","SCHLROBMD1","2016-08-14",20,100,80,68,77
"798","SCHLROBMD1","2016-08-15",21,100,73,69,75
"799","SILLSCOMD1","2016-06-09",1,82,53,39,49
"800","SILLSCOMD1","2016-06-10",2,82,63,37,61
"801","SILLSCOMD1","2016-06-11",3,96,66,58,70
"802","SILLSCOMD1","2016-06-12",4,93,70,34,67
"803","SILLSCOMD1","2016-06-13",5,81,64,42,55
"804","SILLSCOMD1","2016-06-14",6,81,67,45,58
"805","SILLSCOMD1","2016-06-15",7,83,66,58,68
"806","SILLSCOMD1","2016-07-06",8,94,77,69,76
"807","SILLSCOMD1","2016-07-07",9,93,77,69,76
"808","SILLSCOMD1","2016-07-08",10,91,77,68,77
"809","SILLSCOMD1","2016-07-09",11,93,78,61,76
"810","SILLSCOMD1","2016-07-10",12,86,74,60,62
"811","SILLSCOMD1","2016-07-11",13,88,70,52,66
"812","SILLSCOMD1","2016-07-12",14,87,73,62,71
"813","SILLSCOMD1","2016-08-11",15,97,78,70,75
"814","SILLSCOMD1","2016-08-12",16,99,81,73,78
"815","SILLSCOMD1","2016-08-13",17,101,81,74,78
"816","SILLSCOMD1","2016-08-14",18,100,80,68,77
"817","SILLSCOMD1","2016-08-15",19,100,73,69,75
"818","SILLSCOMD1","2016-08-16",20,97,75,72,77
"819","SILLSCOMD1","2016-08-17",21,95,72,68,74
"820","STANJEFMD1","2016-06-17",1,82,66,55,65
"821","STANJEFMD1","2016-06-18",2,85,66,51,58
"822","STANJEFMD1","2016-06-19",3,90,65,51,58
"823","STANJEFMD1","2016-06-20",4,91,68,55,67
"824","STANJEFMD1","2016-06-21",5,91,72,61,72
"825","STANJEFMD1","2016-06-22",6,86,69,50,69
"826","STANJEFMD1","2016-06-23",7,82,70,67,71
"827","STANJEFMD1","2016-07-27",8,97,81,60,74
"828","STANJEFMD1","2016-07-28",9,95,77,69,76
"829","STANJEFMD1","2016-07-29",10,92,75,67,75
"830","STANJEFMD1","2016-07-30",11,90,74,71,76
"831","STANJEFMD1","2016-07-31",12,92,75,69,74
"832","STANJEFMD1","2016-08-01",13,93,76,69,73
"833","STANJEFMD1","2016-08-02",14,91,75,67,73
"834","STANJEFMD1","2016-08-17",15,95,72,68,74
"835","STANJEFMD1","2016-08-18",16,92,74,67,73
"836","STANJEFMD1","2016-08-19",17,92,74,60,72
"837","STANJEFMD1","2016-08-20",18,91,75,58,71
"838","STANJEFMD1","2016-08-21",19,91,74,62,76
"839","STANJEFMD1","2016-08-22",20,85,69,56,63
"840","STANJEFMD1","2016-08-23",21,84,67,56,63
"841","STEWBETMD1","2016-06-27",1,87,68,62,72
"842","STEWBETMD1","2016-06-28",2,87,69,64,75
"843","STEWBETMD1","2016-06-29",3,82,68,55,66
"844","STEWBETMD1","2016-06-30",4,84,65,53,67
"845","STEWBETMD1","2016-07-01",5,88,71,66,74
"846","STEWBETMD1","2016-07-02",6,80,70,50,70
"847","STEWBETMD1","2016-07-03",7,74,64,54,66
"848","STEWBETMD1","2016-07-22",8,95,74,68,72
"849","STEWBETMD1","2016-07-23",9,98,79,68,78
"850","STEWBETMD1","2016-07-24",10,97,80,64,76
"851","STEWBETMD1","2016-07-25",11,100,81,69,79
"852","STEWBETMD1","2016-07-26",12,98,80,64,73
"853","STEWBETMD1","2016-07-27",13,97,81,60,74
"854","STEWBETMD1","2016-07-28",14,95,77,69,76
"855","STEWBETMD1","2016-08-05",15,85,73,66,74
"856","STEWBETMD1","2016-08-06",16,94,75,69,76
"857","STEWBETMD1","2016-08-07",17,92,71,56,63
"858","STEWBETMD1","2016-08-08",18,92,70,56,68
"859","STEWBETMD1","2016-08-09",19,81,68,62,75
"860","STEWBETMD1","2016-08-10",20,95,77,71,75
"861","STEWBETMD1","2016-08-11",21,97,78,70,75
"862","STUECHRVA2","2016-06-22",1,86,69,50,69
"863","STUECHRVA2","2016-06-23",2,82,70,67,71
"864","STUECHRVA2","2016-06-24",3,86,71,67,72
"865","STUECHRVA2","2016-06-25",4,85,72,57,66
"866","STUECHRVA2","2016-06-26",5,86,66,49,64
"867","STUECHRVA2","2016-06-27",6,87,68,62,72
"868","STUECHRVA2","2016-06-28",7,87,69,64,75
"869","STUECHRVA2","2016-07-18",8,95,73,66,76
"870","STUECHRVA2","2016-07-19",9,92,70,63,73
"871","STUECHRVA2","2016-07-20",10,89,70,59,70
"872","STUECHRVA2","2016-07-21",11,90,71,62,70
"873","STUECHRVA2","2016-07-22",12,95,74,68,72
"874","STUECHRVA2","2016-07-23",13,98,79,68,78
"875","STUECHRVA2","2016-07-24",14,97,80,64,76
"876","STUECHRVA2","2016-08-15",15,100,73,69,75
"877","STUECHRVA2","2016-08-16",16,97,75,72,77
"878","STUECHRVA2","2016-08-17",17,95,72,68,74
"879","STUECHRVA2","2016-08-18",18,92,74,67,73
"880","STUECHRVA2","2016-08-19",19,92,74,60,72
"881","STUECHRVA2","2016-08-20",20,91,75,58,71
"882","STUECHRVA2","2016-08-21",21,91,74,62,76
"883","STURCARMD1","2016-06-08",1,74,62,38,51
"884","STURCARMD1","2016-06-09",2,82,53,39,49
"885","STURCARMD1","2016-06-10",3,82,63,37,61
"886","STURCARMD1","2016-06-11",4,96,66,58,70
"887","STURCARMD1","2016-06-12",5,93,70,34,67
"888","STURCARMD1","2016-06-13",6,81,64,42,55
"889","STURCARMD1","2016-06-14",7,81,67,45,58
"890","STURCARMD1","2016-07-22",8,95,74,68,72
"891","STURCARMD1","2016-07-23",9,98,79,68,78
"892","STURCARMD1","2016-07-24",10,97,80,64,76
"893","STURCARMD1","2016-07-25",11,100,81,69,79
"894","STURCARMD1","2016-07-26",12,98,80,64,73
"895","STURCARMD1","2016-07-27",13,97,81,60,74
"896","STURCARMD1","2016-07-28",14,95,77,69,76
"897","STURCARMD1","2016-08-24",15,86,67,60,66
"898","STURCARMD1","2016-08-25",16,89,71,63,77
"899","STURCARMD1","2016-08-26",17,95,77,65,75
"900","STURCARMD1","2016-08-27",18,92,77,68,74
"901","STURCARMD1","2016-08-28",19,90,74,59,72
"902","STURCARMD1","2016-08-29",20,94,72,66,72
"903","STURCARMD1","2016-08-30",21,91,75,61,67
"904","TATEJUAMD1","2016-06-14",1,81,67,45,58
"905","TATEJUAMD1","2016-06-15",2,83,66,58,68
"906","TATEJUAMD1","2016-06-16",3,89,68,65,71
"907","TATEJUAMD1","2016-06-17",4,82,66,55,65
"908","TATEJUAMD1","2016-06-18",5,85,66,51,58
"909","TATEJUAMD1","2016-06-19",6,90,65,51,58
"910","TATEJUAMD1","2016-06-20",7,91,68,55,67
"911","TATEJUAMD1","2016-07-12",8,87,73,62,71
"912","TATEJUAMD1","2016-07-13",9,90,75,68,76
"913","TATEJUAMD1","2016-07-14",10,98,75,68,76
"914","TATEJUAMD1","2016-07-15",11,94,76,62,70
"915","TATEJUAMD1","2016-07-16",12,93,72,66,71
"916","TATEJUAMD1","2016-07-17",13,93,71,61,72
"917","TATEJUAMD1","2016-07-18",14,95,73,66,76
"918","TATEJUAMD1","2016-08-07",15,92,71,56,63
"919","TATEJUAMD1","2016-08-08",16,92,70,56,68
"920","TATEJUAMD1","2016-08-09",17,81,68,62,75
"921","TATEJUAMD1","2016-08-10",18,95,77,71,75
"922","TATEJUAMD1","2016-08-11",19,97,78,70,75
"923","TATEJUAMD1","2016-08-12",20,99,81,73,78
"924","TATEJUAMD1","2016-08-13",21,101,81,74,78
"925","VERSBETMD1","2016-07-01",1,88,71,66,74
"926","VERSBETMD1","2016-07-02",2,80,70,50,70
"927","VERSBETMD1","2016-07-03",3,74,64,54,66
"928","VERSBETMD1","2016-07-04",4,74,68,65,73
"929","VERSBETMD1","2016-07-05",5,91,74,70,76
"930","VERSBETMD1","2016-07-06",6,94,77,69,76
"931","VERSBETMD1","2016-07-07",7,93,77,69,76
"932","VERSBETMD1","2016-07-29",8,92,75,67,75
"933","VERSBETMD1","2016-07-30",9,90,74,71,76
"934","VERSBETMD1","2016-07-31",10,92,75,69,74
"935","VERSBETMD1","2016-08-01",11,93,76,69,73
"936","VERSBETMD1","2016-08-02",12,91,70,59,73
"937","VERSBETMD1","2016-08-03",13,83,72,64,67
"938","VERSBETMD1","2016-08-04",14,86,70,59,67
"939","VERSBETMD1","2016-08-21",15,91,74,62,76
"940","VERSBETMD1","2016-08-22",16,85,69,56,63
"941","VERSBETMD1","2016-08-23",17,84,67,56,63
"942","VERSBETMD1","2016-08-24",18,86,67,60,66
"943","VERSBETMD1","2016-08-25",19,89,71,63,77
"944","VERSBETMD1","2016-08-26",20,95,77,65,75
"945","VERSBETMD1","2016-08-27",21,92,77,68,74
"946","VONGJENMD1","2016-06-22",1,86,69,50,69
"947","VONGJENMD1","2016-06-23",2,82,70,67,71
"948","VONGJENMD1","2016-06-24",3,86,71,67,72
"949","VONGJENMD1","2016-06-25",4,85,72,57,66
"950","VONGJENMD1","2016-06-26",5,86,66,49,64
"951","VONGJENMD1","2016-06-27",6,87,68,62,72
"952","VONGJENMD1","2016-06-28",7,87,69,64,75
"953","VONGJENMD1","2016-07-06",8,94,77,69,76
"954","VONGJENMD1","2016-07-07",9,93,77,69,76
"955","VONGJENMD1","2016-07-08",10,91,77,68,77
"956","VONGJENMD1","2016-07-09",11,93,78,61,76
"957","VONGJENMD1","2016-07-10",12,86,74,60,62
"958","VONGJENMD1","2016-07-11",13,88,70,52,66
"959","VONGJENMD1","2016-07-12",14,87,73,62,71
"960","VONGJENMD1","2016-08-24",15,86,67,60,66
"961","VONGJENMD1","2016-08-25",16,89,71,63,77
"962","VONGJENMD1","2016-08-26",17,95,77,65,75
"963","VONGJENMD1","2016-08-27",18,92,77,68,74
"964","VONGJENMD1","2016-08-28",19,90,74,59,72
"965","VONGJENMD1","2016-08-29",20,94,72,66,72
"966","VONGJENMD1","2016-08-30",21,91,75,61,67
"967","WILLTERMD1","2016-06-29",1,82,68,55,66
"968","WILLTERMD1","2016-06-30",2,84,65,53,67
"969","WILLTERMD1","2016-07-01",3,88,71,66,74
"970","WILLTERMD1","2016-07-02",4,80,70,50,70
"971","WILLTERMD1","2016-07-03",5,74,64,54,66
"972","WILLTERMD1","2016-07-04",6,74,68,65,73
"973","WILLTERMD1","2016-07-05",7,91,74,70,76
"974","WILLTERMD1","2016-07-13",8,90,75,68,76
"975","WILLTERMD1","2016-07-14",9,98,75,68,76
"976","WILLTERMD1","2016-07-15",10,94,76,62,70
"977","WILLTERMD1","2016-07-16",11,93,72,66,71
"978","WILLTERMD1","2016-07-17",12,93,71,61,72
"979","WILLTERMD1","2016-07-18",13,95,73,66,76
"980","WILLTERMD1","2016-07-19",14,92,70,63,73
"981","WILLTERMD1","2016-08-04",15,86,70,59,67
"982","WILLTERMD1","2016-08-05",16,85,73,66,74
"983","WILLTERMD1","2016-08-06",17,94,75,69,76
"984","WILLTERMD1","2016-08-07",18,92,71,56,63
"985","WILLTERMD1","2016-08-08",19,92,70,56,68
"986","WILLTERMD1","2016-08-09",20,81,68,62,75
"987","WILLTERMD1","2016-08-10",21,95,77,71,75
"988","ZAMBTRAMD1","2016-06-08",1,74,62,38,51
"989","ZAMBTRAMD1","2016-06-09",2,82,53,39,49
"990","ZAMBTRAMD1","2016-06-10",3,82,63,37,61
"991","ZAMBTRAMD1","2016-06-11",4,96,66,58,70
"992","ZAMBTRAMD1","2016-06-12",5,93,70,34,67
"993","ZAMBTRAMD1","2016-06-13",6,81,64,42,55
"994","ZAMBTRAMD1","2016-06-14",7,81,67,45,58
"995","ZAMBTRAMD1","2016-07-21",8,90,71,62,70
"996","ZAMBTRAMD1","2016-07-22",9,95,74,68,72
"997","ZAMBTRAMD1","2016-07-23",10,98,79,68,78
"998","ZAMBTRAMD1","2016-07-24",11,97,80,64,76
"999","ZAMBTRAMD1","2016-07-25",12,100,81,69,79
"1000","ZAMBTRAMD1","2016-07-26",13,98,80,64,73
"1001","ZAMBTRAMD1","2016-07-27",14,97,81,60,74
"1002","ZAMBTRAMD1","2016-08-10",15,95,77,71,75
"1003","ZAMBTRAMD1","2016-08-11",16,97,78,70,75
"1004","ZAMBTRAMD1","2016-08-12",17,99,81,73,78
"1005","ZAMBTRAMD1","2016-08-13",18,101,81,74,78
"1006","ZAMBTRAMD1","2016-08-14",19,100,80,68,77
"1007","ZAMBTRAMD1","2016-08-15",20,100,73,69,75
"1008","ZAMBTRAMD1","2016-08-16",21,97,75,72,77
